time,plant_id,Trimmer,grams,Timestamp_y,Name,Flower Time,Pot Size (gal),Notes:
2018-01-17 16:22:23.942,A001,Smit,46.2,2018-01-14 21:30:19.244,Tang Breath,45,10.0,"Herming, pulled early"
2018-01-17 16:36:43.408,A001,TPain,52.0,2018-01-14 21:30:19.244,Tang Breath,45,10.0,"Herming, pulled early"
2018-01-27 13:47:56.998,B01,Smit,28.5,2018-01-17 23:50:29.884,Super Secret Weapon,48,10.0,"Small plant (R), herming"
2018-01-30 14:33:11.959,B01,Smit,28.0,2018-01-17 23:50:29.884,Super Secret Weapon,48,10.0,"Small plant (R), herming"
2018-01-30 14:34:22.142,B01,Smit,28.0,2018-01-17 23:50:29.884,Super Secret Weapon,48,10.0,"Small plant (R), herming"
2018-01-30 14:35:59.711,B01,Smit,3.5,2018-01-17 23:50:29.884,Super Secret Weapon,48,10.0,"Small plant (R), herming"
2018-01-30 15:37:13.395,B01,Smit,50.6,2018-01-17 23:50:29.884,Super Secret Weapon,48,10.0,"Small plant (R), herming"
2018-01-30 15:39:03.342,B01,TPain,32.4,2018-01-17 23:50:29.884,Super Secret Weapon,48,10.0,"Small plant (R), herming"
2018-01-30 19:57:49.392,C01,TPain,58.0,2018-01-23 21:16:55.810,Electric Lemon G,53,7.0,"Pulled early, nasty aphids."
2018-01-30 19:59:20.479,C01,Smit,30.2,2018-01-23 21:16:55.810,Electric Lemon G,53,7.0,"Pulled early, nasty aphids."
2018-01-30 20:00:53.744,C01,Smit,26.1,2018-01-23 21:16:55.810,Electric Lemon G,53,7.0,"Pulled early, nasty aphids."
2018-01-30 20:03:28.198,C01,Smit,30.1,2018-01-23 21:16:55.810,Electric Lemon G,53,7.0,"Pulled early, nasty aphids."
2018-01-30 20:04:16.910,C01,Smit,7.1,2018-01-23 21:16:55.810,Electric Lemon G,53,7.0,"Pulled early, nasty aphids."
2018-01-30 20:05:23.604,C01,Smit,20.6,2018-01-23 21:16:55.810,Electric Lemon G,53,7.0,"Pulled early, nasty aphids."
2018-01-30 20:07:21.416,C01,TPain,16.2,2018-01-23 21:16:55.810,Electric Lemon G,53,7.0,"Pulled early, nasty aphids."
2018-02-01 12:05:53.548,D04,TPain,34.0,2018-01-24 22:30:19.200,Tang Breath,55,7.0,
2018-02-01 12:06:43.870,D04,Smit,25.0,2018-01-24 22:30:19.200,Tang Breath,55,7.0,
2018-02-01 13:01:59.722,D06,TPain,37.0,2018-01-24 22:35:35.393,Butter Face,55,3.0,
2018-02-01 13:11:03.934,D05,Smit,39.0,2018-01-24 22:34:50.694,Butter Face,55,3.0,
2018-02-01 14:58:52.906,D18,TPain,65.8,2018-01-25 00:01:47.004,Abazaba,55,10.0,
2018-02-01 15:27:32.010,D18,Smit,60.0,2018-01-25 00:01:47.004,Abazaba,55,10.0,
2018-02-01 15:28:56.103,D18,Smit,33.0,2018-01-25 00:01:47.004,Abazaba,55,10.0,
2018-02-01 15:31:22.203,D18,TPain,19.8,2018-01-25 00:01:47.004,Abazaba,55,10.0,
2018-02-01 16:43:02.263,D11,TPain,61.0,2018-01-24 22:58:45.638,Lemon Puff,55,7.0,
2018-02-01 16:56:20.003,D11,Smit,52.0,2018-01-24 22:58:45.638,Lemon Puff,55,7.0,
2018-02-01 16:57:32.762,D11,Smit,16.0,2018-01-24 22:58:45.638,Lemon Puff,55,7.0,
2018-02-01 17:09:07.902,D11,TPain,27.0,2018-01-24 22:58:45.638,Lemon Puff,55,7.0,
2018-02-01 18:23:28.552,D13,TPain,60.0,2018-01-24 23:03:41.849,Truffle Butter,55,10.0,
2018-02-01 18:23:49.449,D13,TPain,13.5,2018-01-24 23:03:41.849,Truffle Butter,55,10.0,
2018-02-01 21:09:45.974,D13,TPain,59.0,2018-01-24 23:03:41.849,Truffle Butter,55,10.0,
2018-02-01 21:12:01.119,D13,Smit,61.7,2018-01-24 23:03:41.849,Truffle Butter,55,10.0,
2018-02-01 21:13:53.577,D13,Smit,50.7,2018-01-24 23:03:41.849,Truffle Butter,55,10.0,
2018-02-01 21:15:38.982,D13,Smit,15.0,2018-01-24 23:03:41.849,Truffle Butter,55,10.0,
2018-02-01 21:56:10.022,D07,TPain,50.7,2018-01-24 22:38:48.264,Butter Face,55,3.0,
2018-02-01 23:04:36.654,D02,TPain,37.0,2018-01-24 22:17:10.804,NY City Diesel,55,7.0,
2018-02-01 23:09:55.841,D02,Smit,52.9,2018-01-24 22:17:10.804,NY City Diesel,55,7.0,
2018-02-01 23:10:48.156,D02,Smit,28.3,2018-01-24 22:17:10.804,NY City Diesel,55,7.0,
2018-02-01 23:11:41.295,D02,House,28.8,2018-01-24 22:17:10.804,NY City Diesel,55,7.0,
2018-02-01 23:12:00.551,D02,House,28.8,2018-01-24 22:17:10.804,NY City Diesel,55,7.0,
2018-02-01 23:12:27.903,D02,House,27.0,2018-01-24 22:17:10.804,NY City Diesel,55,7.0,
2018-02-01 23:39:42.000,D03,House,12.9,2018-01-24 22:24:10.388,NY City Diesel,55,7.0,
2018-02-01 23:40:00.728,D03,Smit,9.5,2018-01-24 22:24:10.388,NY City Diesel,55,7.0,
2018-02-02 13:18:27.412,D03,TPain,73.5,2018-01-24 22:24:10.388,NY City Diesel,55,7.0,
2018-02-02 13:26:36.867,D03,Smit,61.5,2018-01-24 22:24:10.388,NY City Diesel,55,7.0,
2018-02-02 14:42:35.535,D17,TPain,82.0,2018-01-24 23:59:10.359,Abazaba,55,10.0,
2018-02-02 14:54:35.814,D17,Gmoney,28.3,2018-01-24 23:59:10.359,Abazaba,55,10.0,
2018-02-02 15:13:48.213,D17,TPain,33.0,2018-01-24 23:59:10.359,Abazaba,55,10.0,
2018-02-02 15:15:45.678,D17,Smit,62.5,2018-01-24 23:59:10.359,Abazaba,55,10.0,
2018-02-02 15:45:12.699,E06,Smit,7.6,2018-01-25 22:45:28.493,Special Candyland,56,7.0,
2018-02-02 15:46:19.153,E06,Gmoney,23.9,2018-01-25 22:45:28.493,Special Candyland,56,7.0,
2018-02-02 15:53:46.472,E06,Smit,11.6,2018-01-25 22:45:28.493,Special Candyland,56,7.0,
2018-02-02 15:59:48.739,E06,House,8.4,2018-01-25 22:45:28.493,Special Candyland,56,7.0,
2018-02-02 16:09:53.136,E06,TPain,43.9,2018-01-25 22:45:28.493,Special Candyland,56,7.0,
2018-02-02 21:28:55.444,D15,TPain,74.0,2018-01-24 23:28:11.935,Butter Face,55,10.0,
2018-02-02 21:30:01.047,D15,Smit,51.1,2018-01-24 23:28:11.935,Butter Face,55,10.0,
2018-02-02 21:31:19.013,D15,Smit,27.1,2018-01-24 23:28:11.935,Butter Face,55,10.0,
2018-02-02 22:39:37.110,D15,TPain,34.0,2018-01-24 23:28:11.935,Butter Face,55,10.0,
2018-02-13 20:55:37.546,D15,Smit,25.0,2018-01-24 23:28:11.935,Butter Face,55,10.0,
2018-02-02 23:44:43.016,D14,Smit,40.5,2018-01-24 23:27:33.064,Butter Face,55,10.0,
2018-02-03 01:55:26.832,D14,Smit,40.2,2018-01-24 23:27:33.064,Butter Face,55,10.0,
2018-02-03 01:57:10.515,D14,Smit,8.6,2018-01-24 23:27:33.064,Butter Face,55,10.0,
2018-02-03 13:21:32.751,D14,TPain,31.5,2018-01-24 23:27:33.064,Butter Face,55,10.0,
2018-02-03 13:23:53.486,D14,Smit,14.3,2018-01-24 23:27:33.064,Butter Face,55,10.0,
2018-02-03 15:20:45.213,E04,TPain,73.5,2018-01-25 22:35:39.676,Wizard Breath,56,10.0,
2018-02-03 15:21:54.230,E04,Smit,36.3,2018-01-25 22:35:39.676,Wizard Breath,56,10.0,
2018-02-03 15:49:11.046,E01,TPain,49.0,2018-01-25 22:11:25.606,616,56,10.0,
2018-02-03 16:22:26.241,E01,TPain,40.0,2018-01-25 22:11:25.606,616,56,10.0,
2018-02-03 17:18:13.789,E01,TPain,40.5,2018-01-25 22:11:25.606,616,56,10.0,
2018-02-03 17:19:36.863,E01,Smit,41.7,2018-01-25 22:11:25.606,616,56,10.0,
2018-02-03 17:20:52.913,E01,Smit,41.8,2018-01-25 22:11:25.606,616,56,10.0,
2018-02-03 17:22:28.568,E01,Smit,15.1,2018-01-25 22:11:25.606,616,56,10.0,
2018-02-03 18:02:42.773,E01,TPain,27.0,2018-01-25 22:11:25.606,616,56,10.0,
2018-02-03 18:09:40.811,E01,Smit,39.2,2018-01-25 22:11:25.606,616,56,10.0,
2018-02-04 18:17:59.844,E01,Smit,8.5,2018-01-25 22:11:25.606,616,56,10.0,
2018-02-04 18:52:22.062,E01,TPain,30.5,2018-01-25 22:11:25.606,616,56,10.0,
2018-02-04 15:17:10.243,E05,TPain,122.0,2018-01-25 22:39:13.052,Tangie,56,7.0,
2018-02-04 15:18:42.208,E05,Smit,51.8,2018-01-25 22:39:13.052,Tangie,56,7.0,
2018-02-04 15:19:23.069,E05,Smit,14.9,2018-01-25 22:39:13.052,Tangie,56,7.0,
2018-02-04 18:17:35.687,E02,TPain,72.0,2018-01-25 22:11:45.778,616,56,10.0,
2018-02-05 18:36:01.944,E02,TPain,80.0,2018-01-25 22:11:45.778,616,56,10.0,
2018-02-05 18:36:28.722,E02,TPain,33.5,2018-01-25 22:11:45.778,616,56,10.0,
2018-02-05 18:39:32.008,E02,Smit,32.0,2018-01-25 22:11:45.778,616,56,10.0,
2018-02-05 18:40:46.202,E02,Smit,13.1,2018-01-25 22:11:45.778,616,56,10.0,
2018-02-06 14:54:47.050,G04,TPain,75.0,2018-01-31 11:39:27.091,Peanut Butter Breath,62,10.0,Opus -rev style
2018-02-06 20:23:59.530,G04,TPain,62.3,2018-01-31 11:39:27.091,Peanut Butter Breath,62,10.0,Opus -rev style
2018-02-06 20:24:18.562,G04,TPain,58.0,2018-01-31 11:39:27.091,Peanut Butter Breath,62,10.0,Opus -rev style
2018-02-06 22:22:46.371,D08,House,36.0,2018-01-24 22:51:04.962,Gorilla Butter,55,3.0,
2018-02-06 22:35:50.832,E03,House,14.5,2018-01-25 22:30:26.878,Nutter Butter,56,7.0,
2018-02-06 22:36:52.476,E03,Smit,44.1,2018-01-25 22:30:26.878,Nutter Butter,56,7.0,
2018-02-06 22:38:16.391,E03,Smit,46.3,2018-01-25 22:30:26.878,Nutter Butter,56,7.0,
2018-02-06 22:46:15.747,D09,House,39.0,2018-01-24 22:53:39.120,Truffle Butter,55,3.0,
2018-02-07 13:15:53.394,F02,Smit,15.0,2018-01-30 22:23:23.632,Blackberry Kush,61,10.0,
2018-02-07 19:41:28.949,F02,Smit,105.0,2018-01-30 22:23:23.632,Blackberry Kush,61,10.0,
2018-02-07 19:43:49.093,F02,Smit,111.0,2018-01-30 22:23:23.632,Blackberry Kush,61,10.0,
2018-02-07 22:54:11.870,D19,Smit,45.6,2018-01-25 00:18:03.386,Gorilla Butter,55,10.0,
2018-02-07 22:55:28.580,D19,Smit,41.3,2018-01-25 00:18:03.386,Gorilla Butter,55,10.0,
2018-02-07 22:56:18.729,D19,Smit,20.6,2018-01-25 00:18:03.386,Gorilla Butter,55,10.0,
2018-02-07 23:13:01.613,D19,TPain,113.0,2018-01-25 00:18:03.386,Gorilla Butter,55,10.0,
2018-02-08 14:35:01.297,D16,TPain,72.0,2018-01-24 23:38:16.417,Truffle Butter,55,10.0,
2018-02-08 14:50:11.195,D16,Smit,113.0,2018-01-24 23:38:16.417,Truffle Butter,55,10.0,
2018-02-08 17:13:15.417,G06,Smit,21.0,2018-01-31 11:57:58.358,NY City Diesel,62,10.0,
2018-02-08 17:24:21.145,G06,TPain,77.0,2018-01-31 11:57:58.358,NY City Diesel,62,10.0,
2018-02-08 17:24:32.623,G06,TPain,65.0,2018-01-31 11:57:58.358,NY City Diesel,62,10.0,
2018-02-11 11:29:06.657,G06,TPain,103.0,2018-01-31 11:57:58.358,NY City Diesel,62,10.0,
2018-02-11 11:32:27.011,G06,Smit,66.0,2018-01-31 11:57:58.358,NY City Diesel,62,10.0,
2018-02-08 18:35:45.780,G10,TPain,63.0,2018-01-31 13:04:41.395,Foam Fire,62,10.0,Labeled Code Blue in pot
2018-02-08 19:03:50.095,G10,TPain,51.0,2018-01-31 13:04:41.395,Foam Fire,62,10.0,Labeled Code Blue in pot
2018-02-08 19:24:56.877,G10,TPain,33.0,2018-01-31 13:04:41.395,Foam Fire,62,10.0,Labeled Code Blue in pot
2018-02-08 19:35:48.202,G10,Smit,150.0,2018-01-31 13:04:41.395,Foam Fire,62,10.0,Labeled Code Blue in pot
2018-02-08 20:12:05.544,G09,TPain,66.0,2018-01-31 12:54:57.973,Foam Fire,62,10.0,Labeled Code Blue in Pot
2018-02-08 20:40:59.015,G09,TPain,24.0,2018-01-31 12:54:57.973,Foam Fire,62,10.0,Labeled Code Blue in Pot
2018-02-08 23:05:59.179,G09,Smit,65.5,2018-01-31 12:54:57.973,Foam Fire,62,10.0,Labeled Code Blue in Pot
2018-02-08 23:06:54.561,G09,Smit,47.0,2018-01-31 12:54:57.973,Foam Fire,62,10.0,Labeled Code Blue in Pot
2018-02-09 12:59:12.144,G09,TPain,77.5,2018-01-31 12:54:57.973,Foam Fire,62,10.0,Labeled Code Blue in Pot
2018-02-09 15:37:44.604,G09,TPain,52.0,2018-01-31 12:54:57.973,Foam Fire,62,10.0,Labeled Code Blue in Pot
2018-02-08 22:38:56.086,G07,TPain,146.0,2018-01-31 12:32:14.340,GMO,62,10.0,
2018-02-09 14:01:32.828,G07,TPain,61.5,2018-01-31 12:32:14.340,GMO,62,10.0,
2018-02-09 14:44:45.178,G07,TPain,48.0,2018-01-31 12:32:14.340,GMO,62,10.0,
2018-02-09 15:12:02.779,G07,TPain,35.0,2018-01-31 12:32:14.340,GMO,62,10.0,
2018-02-09 15:22:01.668,G07,Smit,92.0,2018-01-31 12:32:14.340,GMO,62,10.0,
2018-02-09 16:30:14.124,G11,TPain,62.5,,Foam Fire,62,10.0,"""G11"" was never entered into system during harvest. harvest over, no longer have the tabs, assuming it was a FF because it was taken in the middle of the rest of them. need to ask ross how many foams they ran last time"
2018-02-09 17:07:17.605,G11,TPain,65.0,,Foam Fire,62,10.0,"""G11"" was never entered into system during harvest. harvest over, no longer have the tabs, assuming it was a FF because it was taken in the middle of the rest of them. need to ask ross how many foams they ran last time"
2018-02-09 17:35:01.164,G11,Smit,154.0,,Foam Fire,62,10.0,"""G11"" was never entered into system during harvest. harvest over, no longer have the tabs, assuming it was a FF because it was taken in the middle of the rest of them. need to ask ross how many foams they ran last time"
2018-02-09 20:20:34.104,G08,TPain,96.0,2018-01-31 12:43:10.210,Foam Fire,62,10.0,"Labeled Code Blue in pot - aphids, careful trimming"
2018-02-09 21:07:02.202,G08,TPain,86.0,2018-01-31 12:43:10.210,Foam Fire,62,10.0,"Labeled Code Blue in pot - aphids, careful trimming"
2018-02-09 23:03:31.080,G08,Smit,139.5,2018-01-31 12:43:10.210,Foam Fire,62,10.0,"Labeled Code Blue in pot - aphids, careful trimming"
2018-02-10 16:22:09.243,F01,TPain,129.0,2018-01-30 22:22:58.710,Gorilla Butter,61,10.0,
2018-02-10 18:39:27.794,F01,TPain,143.0,2018-01-30 22:22:58.710,Gorilla Butter,61,10.0,
2018-02-10 17:33:43.927,G24,Smit,126.5,2018-01-31 16:06:39.213,Afgan Kush,62,7.0,
2018-02-10 19:32:05.775,G28,TPain,47.5,2018-01-31 16:20:36.180,Gorilla Butter,62,7.0,
2018-02-10 20:21:42.651,G28,Smit,115.5,2018-01-31 16:20:36.180,Gorilla Butter,62,7.0,
2018-02-11 12:48:03.140,G05,TPain,110.0,2018-01-31 11:52:10.073,NY City Diesel,62,5.0,2 plants - each 5 gal Labeled GG 4 in pot
2018-02-11 12:53:36.096,G05,Smit,60.0,2018-01-31 11:52:10.073,NY City Diesel,62,5.0,2 plants - each 5 gal Labeled GG 4 in pot
2018-02-11 14:26:53.726,G02,TPain,108.0,2018-01-31 11:21:35.768,Nutter Butter,62,10.0,DMC + rev mix on top. Opus on bottom
2018-02-11 17:15:33.866,G02,Smit,98.0,2018-01-31 11:21:35.768,Nutter Butter,62,10.0,DMC + rev mix on top. Opus on bottom
2018-02-11 16:26:17.955,G03,TPain,63.0,2018-01-31 11:30:41.647,Wizard Breath,62,10.0,
2018-02-12 17:41:06.972,G03,TPain,59.0,2018-01-31 11:30:41.647,Wizard Breath,62,10.0,
2018-02-12 18:16:10.104,G03,Smit,24.0,2018-01-31 11:30:41.647,Wizard Breath,62,10.0,
2018-02-13 22:25:05.041,G03,TPain,34.0,2018-01-31 11:30:41.647,Wizard Breath,62,10.0,
2018-02-11 19:10:13.454,G12,TPain,96.5,2018-01-31 14:31:56.626,Foam Fire,62,10.0,Labeled Form Fire
2018-02-11 19:20:27.563,G12,Smit,144.0,2018-01-31 14:31:56.626,Foam Fire,62,10.0,Labeled Form Fire
2018-02-11 20:43:02.931,G14,TPain,110.0,2018-01-31 14:53:52.809,Abazaba,62,10.0,
2018-02-11 21:19:43.353,G14,Smit,86.5,2018-01-31 14:53:52.809,Abazaba,62,10.0,
2018-02-12 13:58:08.361,G13,TPain,124.0,2018-01-31 14:42:46.951,Butter Face,62,10.0,
2018-02-12 14:05:48.698,G13,Smit,116.5,2018-01-31 14:42:46.951,Butter Face,62,10.0,
2018-02-12 15:54:56.168,G16,TPain,56.0,2018-01-31 15:17:16.032,Truffle Butter,62,10.0,
2018-02-12 16:30:47.148,G16,Smit,82.0,2018-01-31 15:17:16.032,Truffle Butter,62,10.0,
2018-02-12 20:01:09.842,G26,TPain,67.5,2018-01-31 16:14:14.665,Big Apple Butter,62,3.0,
2018-02-12 20:01:35.880,D12,TPain,43.5,2018-01-24 23:02:16.211,Gorilla Butter,55,3.0,
2018-02-12 20:07:56.481,G20,Smit,75.5,2018-01-31 15:50:48.532,Big Apple Butter,62,3.0,
2018-02-12 21:22:56.396,G22,TPain,56.0,2018-01-31 15:55:05.951,Butter Face,62,3.0,
2018-02-12 22:15:12.945,G21,TPain,65.0,2018-01-31 15:53:07.442,Filet Migon,62,7.0,
2018-02-12 22:35:37.780,G27,Smit,56.0,2018-01-31 16:19:36.119,Butter Face,62,3.0,
2018-02-13 13:30:04.237,G17,Smit,116.0,2018-01-31 15:30:20.386,Headband,62,20.0,
2018-02-13 13:34:57.964,G17,TPain,151.0,2018-01-31 15:30:20.386,Headband,62,20.0,
2018-02-13 15:47:03.568,G19,TPain,62.0,2018-01-31 15:44:38.120,Lemon Butter,62,7.0,
2018-02-13 15:48:09.924,G19,Smit,51.2,2018-01-31 15:44:38.120,Lemon Butter,62,7.0,
2018-02-13 16:57:44.090,G01,TPain,77.5,2018-01-31 11:13:04.145,Peanut Butter Breath,62,10.0,Opus dirt
2018-02-13 17:08:15.562,G01,Smit,58.1,2018-01-31 11:13:04.145,Peanut Butter Breath,62,10.0,Opus dirt
2018-02-13 17:47:58.675,G15,TPain,50.0,2018-01-31 15:02:41.061,Alien Rock Candy,62,10.0,
2018-02-13 19:00:32.833,G15,TPain,54.0,2018-01-31 15:02:41.061,Alien Rock Candy,62,10.0,
2018-02-13 19:18:54.133,G15,Smit,88.3,2018-01-31 15:02:41.061,Alien Rock Candy,62,10.0,
2018-02-13 19:53:14.074,G23,TPain,32.0,2018-01-31 15:58:48.376,Tangie,62,7.0,
2018-02-13 20:06:03.757,G23,Smit,22.0,2018-01-31 15:58:48.376,Tangie,62,7.0,
2018-02-13 20:53:06.099,G25,TPain,45.0,2018-01-31 16:11:07.669,Gorilla Butter,62,3.0,
2018-02-13 23:21:29.402,G18,Smit,97.0,2018-01-31 15:38:46.194,Lemon Butter,62,7.0,
2017-04-18 10:43:55.133,,Smitty,61.0,,Strawberry Kush,,,
2017-04-18 10:44:31.039,,HOUSE,165.0,,Strawberry Kush,,,
2017-04-18 13:02:42.435,,HOUSE,29.0,,Strawberry Kush,,,
2017-04-18 13:02:57.414,,HOUSE,24.0,,Strawberry Kush,,,
2017-04-18 13:09:53.111,,Smitty,41.0,,Strawberry Kush,,,
2017-04-18 15:08:44.716,,HOUSE,29.0,,Strawberry Kush,,,
2017-04-18 15:09:05.778,,HOUSE,28.0,,Strawberry Kush,,,
2017-04-18 15:13:55.304,,Smitty,37.0,,Strawberry Kush,,,
2017-04-18 15:59:33.845,,HOUSE,10.0,,Strawberry Kush,,,
2017-04-18 15:59:54.102,,Smitty,3.0,,Strawberry Kush,,,
2017-04-18 19:35:38.733,,HOUSE,12.0,,Strawberry Kush,,,
2017-04-18 20:01:54.174,,Smitty,25.3,,Strawberry Kush,,,
2017-04-18 22:35:06.573,,HOUSE,30.8,,LA Chocolate,,,
2017-04-18 22:35:22.969,,HOUSE,10.0,,LA Chocolate,,,
2017-04-18 22:45:33.420,,Smitty,19.5,,LA Chocolate,,,
2017-04-19 22:32:13.354,,HOUSE,9.0,,LA Chocolate,,,
2017-04-19 22:33:34.903,,Smitty,8.2,,Sour Power,,,
2017-04-20 12:20:16.541,,Smitty,25.6,,LA Chocolate,,,
2017-04-20 12:21:00.678,,HOUSE,42.0,,LA Chocolate,,,
2017-04-20 12:26:14.097,,Smitty,28.0,,Sour Power,,,
2017-04-20 12:28:20.424,,Smitty,42.0,,Sour Power,,,
2017-04-20 15:25:14.844,,HOUSE,84.0,,Sour Power,,,
2017-04-20 22:31:34.627,,Kev,7.3,,Sour Power,,,
2017-04-22 16:09:55.636,,HOUSE,14.0,,LA Chocolate,,,
2017-04-22 16:11:17.938,,HOUSE,28.0,,Gorilla Butter,,,
2017-04-22 23:05:47.626,,Kev,90.0,,Sour Power,,,
2017-04-22 23:07:28.498,,Smitty,101.0,,Sour Power,,,
2017-04-22 23:08:54.106,,HOUSE,3.5,,Sour Power,,,
2017-04-22 23:09:50.413,,Kev,36.0,,Gorilla Butter,,,
2017-04-22 23:11:33.414,,HOUSE,44.5,,Gorilla Butter,,,
2017-04-22 23:12:17.466,,Grant,19.5,,Gorilla Butter,,,
2017-04-22 23:13:28.005,,Smitty,150.0,,Gorilla Butter,,,
2017-04-22 23:14:11.886,,Smitty,39.5,,Gorilla Butter,,,
2017-04-22 23:15:05.779,,Gaby,127.5,,Gorilla Butter,,,
2017-04-22 23:16:16.871,,Kev,78.0,,LA Chocolate,,,
2017-04-22 23:17:36.245,,Smitty,140.0,,LA Chocolate,,,
2017-04-22 23:18:12.920,,Gaby,92.0,,LA Chocolate,,,
2017-04-23 00:55:31.652,,Gaby,38.1,,Special Candyland,,,
2017-04-23 00:57:30.789,,Smitty,18.1,,Special Candyland,,,
2017-04-23 16:03:13.359,,MRSD,50.3,,Lemon Puff,,,
2017-04-23 16:05:03.868,,Dave,49.8,,Lemon Puff,,,
2017-04-25 02:02:18.730,,Kev,130.0,,NY City Diesel,,,
2017-04-25 02:39:16.223,,HOUSE,87.0,,NY City Diesel,,,
2017-04-25 02:40:28.960,,Smitty,132.5,,NY City Diesel,,,
2017-04-25 02:42:13.139,,HOUSE,106.0,,Lemon Puff,,,
2017-04-25 02:45:36.345,,Smitty,180.0,,Lemon Puff,,,
2017-04-25 23:46:21.395,,Smitty,109.0,,NY City Diesel,,,
2017-04-30 00:55:28.503,,Gaby,125.0,,LA Chocolate,,,
2017-04-30 00:57:04.548,,Gaby,68.0,,LA Chocolate,,,
2017-04-30 00:58:11.689,,Gaby,26.0,,Strawberry Kush,,,
2017-04-30 00:59:31.518,,Gaby,39.0,,Sour Power,,,
2017-05-01 09:49:20.175,,HOUSE,25.0,,Gorilla Butter,,,
2017-05-01 09:49:44.955,,HOUSE,7.0,,Strawberry Kush,,,
2017-05-01 09:50:18.898,,HOUSE,47.5,,Sour Power,,,
2017-05-01 09:51:26.697,,Quinn,26.0,,LA Chocolate,,,
2017-05-01 09:52:26.514,,TPain,42.5,,LA Chocolate,,,
2017-05-01 09:53:02.720,,Grant,26.0,,Strawberry Kush,,,
2017-05-01 09:54:29.826,,Grant,98.0,,Gorilla Butter,,,
2017-05-01 09:55:34.188,,Smitty,69.0,,Sour Power,,,
2017-05-01 09:58:33.366,,Smitty,121.0,,Strawberry Kush,,,
2017-05-01 09:59:36.960,,Smitty,77.5,,Gorilla Butter,,,
2017-05-01 10:01:54.890,,Smitty,116.0,,LA Chocolate,,,
2017-05-01 10:02:07.734,,Smitty,55.0,,LA Chocolate,,,
2018-05-09 00:12:04.163,A02,TPain,43.0,2018-05-08 21:25:59.327,Ancient Whisper,Est 56,,
2018-05-09 00:24:46.277,A02,Smit,46.5,2018-05-08 21:25:59.327,Ancient Whisper,Est 56,,
2018-05-09 01:21:56.323,A02,Smit,32.5,2018-05-08 21:25:59.327,Ancient Whisper,Est 56,,
2018-05-09 18:11:14.537,A02,Smit,65.5,2018-05-08 21:25:59.327,Ancient Whisper,Est 56,,
2018-05-09 18:11:26.638,A02,Smit,26.0,2018-05-08 21:25:59.327,Ancient Whisper,Est 56,,
2018-05-09 18:11:39.061,A02,TPain,96.0,2018-05-08 21:25:59.327,Ancient Whisper,Est 56,,
2018-05-11 16:49:42.734,A01,TPain,48.0,2018-05-08 21:25:27.000,Lemon Pie,Est 56 days,,
2018-05-11 16:49:56.959,A01,Smit,39.5,2018-05-08 21:25:27.000,Lemon Pie,Est 56 days,,
2018-05-17 22:33:25.938,B04,House,118.0,2018-05-17 15:28:27.689,Blackberry Kush,,,
2018-05-17 22:34:06.786,B02,House,105.0,2018-05-17 13:50:50.668,GMO,,,
2018-05-17 23:57:14.198,B02,TPain,105.0,2018-05-17 13:50:50.668,GMO,,,
2018-05-19 20:54:19.005,B02,TPain,81.0,2018-05-17 13:50:50.668,GMO,,,
2018-05-21 22:49:26.194,B02,Smit,112.0,2018-05-17 13:50:50.668,GMO,,,
2018-05-18 00:29:14.455,B01,Smit,172.0,2018-05-17 12:57:41.339,Meat The Cookies,,,
2018-05-18 10:51:41.759,B06,TPain,69.0,2018-05-18 00:48:43.277,Lemon Puff,,,
2018-05-18 13:26:11.833,B06,Smit,84.0,2018-05-18 00:48:43.277,Lemon Puff,,,
2018-05-18 13:26:27.231,B06,TPain,73.0,2018-05-18 00:48:43.277,Lemon Puff,,,
2018-05-18 19:10:13.418,C01,TPain,125.0,2018-05-18 20:42:51.698,Watermellon ZDP,,,
2018-05-18 19:20:23.000,C02,Smit,116.5,2018-05-18 13:27:00.487,Filet Migon,,,
2018-05-18 22:23:48.941,C03,Smit,43.5,2018-05-18 20:44:22.478,616,,,
2018-05-18 22:24:02.891,C03,TPain,45.0,2018-05-18 20:44:22.478,616,,,
2018-05-19 20:54:37.742,C03,Smit,81.5,2018-05-18 20:44:22.478,616,,,
2018-05-19 15:37:34.822,B03,Smit,82.5,2018-05-17 14:12:14.094,Watermellon ZDP,,,
2018-05-19 15:38:33.202,B03,TPain,52.4,2018-05-17 14:12:14.094,Watermellon ZDP,,,
2018-05-28 21:28:58.200,B03,Smit,51.5,2018-05-17 14:12:14.094,Watermellon ZDP,,,
2018-05-19 20:54:03.188,B05,TPain,50.0,2018-05-17 22:43:58.170,Wizard Breath,,,
2018-05-20 01:47:44.911,D01,Smit,57.5,2018-05-20 18:17:07.055,Ancient Whisper,,,
2018-05-20 01:47:59.564,D01,TPain,53.0,2018-05-20 18:17:07.055,Ancient Whisper,,,
2018-05-20 13:54:09.945,D01,Smit,50.5,2018-05-20 18:17:07.055,Ancient Whisper,,,
2018-05-20 13:54:27.252,E01,TPain,18.0,2018-05-20 13:53:23.287,NY City Diesel,,,
2018-05-20 13:54:42.477,E01,Smit,12.5,2018-05-20 13:53:23.287,NY City Diesel,,,
2018-05-20 16:06:46.286,E02,Smit,26.0,2018-05-20 13:53:43.151,Meat Breath,,,
2018-05-20 16:07:07.402,E02,TPain,38.0,2018-05-20 13:53:43.151,Meat Breath,,,
2018-05-20 18:40:30.247,E03,TPain,24.0,2018-05-20 16:11:53.017,Lemon Pie,,,
2018-05-20 18:40:49.388,E03,Smit,51.5,2018-05-20 16:11:53.017,Lemon Pie,,,
2018-05-20 21:05:38.934,E04,Smit,64.0,2018-05-20 18:55:50.503,Tang Breath,,,
2018-05-21 22:49:10.542,F01,Smit,114.0,2018-05-21 23:06:38.414,Meat Breath,,,
2018-05-21 22:49:40.719,F04,Smit,31.5,2018-05-21 23:08:12.222,Gorilla Butter,,,
2018-05-21 22:49:55.545,F04,House,61.0,2018-05-21 23:08:12.222,Gorilla Butter,,,
2018-05-22 01:23:15.716,F06,Smit,61.0,2018-05-21 23:10:34.021,Watermellon ZDP,,,
2018-05-23 10:34:42.445,F06,Smit,45.5,2018-05-21 23:10:34.021,Watermellon ZDP,,,
2018-05-22 01:23:33.947,F03,House,40.0,2018-05-21 23:07:30.586,Peanut Butter Breath,,,
2018-05-23 10:34:57.665,F03,Smit,51.5,2018-05-21 23:07:30.586,Peanut Butter Breath,,,
2018-05-23 21:08:18.443,F03,Smit,31.5,2018-05-21 23:07:30.586,Peanut Butter Breath,,,
2018-05-22 01:23:54.128,F05,House,38.0,2018-05-21 23:08:36.746,Electric Lemon G,,,
2018-05-23 23:49:19.918,F05,Smit,14.5,2018-05-21 23:08:36.746,Electric Lemon G,,,
2018-05-27 10:26:36.915,F05,Smit,29.0,2018-05-21 23:08:36.746,Electric Lemon G,,,
2018-05-27 10:27:38.079,F05,Bri,26.5,2018-05-21 23:08:36.746,Electric Lemon G,,,
2018-05-23 10:35:18.780,G01,Smit,81.5,2018-05-23 10:33:30.302,Lemon Pie,,,
2018-05-23 21:07:44.412,G01,Smit,67.5,2018-05-23 10:33:30.302,Lemon Pie,,,
2018-05-23 21:08:01.991,G01,Smit,26.0,2018-05-23 10:33:30.302,Lemon Pie,,,
2018-05-23 21:08:34.669,G02,Smit,139.0,2018-05-23 10:33:49.320,GMO,,,
2018-05-23 23:09:35.309,G02,Smit,31.5,2018-05-23 10:33:49.320,GMO,,,
2018-05-27 10:26:18.148,G02,Smit,29.0,2018-05-23 10:33:49.320,GMO,,,
2018-05-27 10:27:20.291,G02,Bri,24.0,2018-05-23 10:33:49.320,GMO,,,
2018-05-27 10:28:14.590,G02,Bri,39.0,2018-05-23 10:33:49.320,GMO,,,
2018-05-27 10:26:00.151,G03,Smit,31.5,2018-05-23 10:34:21.259,Ancient Whisper,,,
2018-05-27 10:27:05.136,G03,Bri,30.0,2018-05-23 10:34:21.259,Ancient Whisper,,,
2018-05-27 10:26:48.680,H01,Smit,11.0,2018-05-27 10:30:55.111,Special Candyland,,,
2018-05-27 10:27:55.593,H01,Bri,11.0,2018-05-27 10:30:55.111,Special Candyland,,,
2018-05-27 10:28:26.403,I01,Smit,29.0,2018-05-27 10:31:21.958,Truffle Butter,,,
2018-05-27 10:28:41.887,I01,Bri,29.0,2018-05-27 10:31:21.958,Truffle Butter,,,
2018-06-04 00:18:49.274,I01,Smit,49.5,2018-05-27 10:31:21.958,Truffle Butter,,,
2017-10-27 00:51:17.860,,House,45.0,,Lemon Puff,,,
2017-10-27 00:51:52.290,,House,36.0,,Lemon Puff,,,
2017-10-27 00:52:11.212,,Smitty,42.0,,Lemon Puff,,,
2017-10-27 00:55:55.562,,Smitty,21.5,,Lemon Puff,,,
2017-10-27 16:07:25.476,,House,14.5,,Grape Breath,,,
2017-10-27 16:08:24.735,,Smitty,29.1,,Grape Breath,,,
2017-10-27 16:13:58.591,,Smitty,34.0,,NY City Diesel,,,
2017-10-27 21:57:29.709,,House,13.5,,Lemon Butter,,,
2017-10-27 21:59:23.269,,Smitty,11.7,,Lemon Butter,,,
2017-10-27 21:59:52.900,,Kev,5.6,,Lemon Butter,,,
2017-10-28 00:20:16.078,,House,7.5,,Double Butter,,,
2017-10-28 00:30:59.159,,House,2.8,,Double Butter,,,
2017-10-28 00:33:04.078,,Smitty,8.2,,Double Butter,,,
2017-10-29 20:45:15.046,,House,25.5,,Nutter Butter,,,
2017-10-29 20:45:41.503,,House,4.0,,Nutter Butter,,,
2017-10-29 20:53:02.343,,Smitty,17.4,,Nutter Butter,,,
2017-10-29 21:08:33.064,,T Pain,10.0,,Nutter Butter,,,
2017-10-30 13:52:33.290,,House,32.6,,Afgan Kush,,,
2017-10-30 13:53:14.868,,T Pain,25.0,,Afgan Kush,,,
2017-10-30 13:58:56.505,,Smitty,31.0,,Afgan Kush,,,
2017-10-30 14:17:18.158,,House,15.0,,Sophie's Breath,,,
2017-10-30 14:20:11.216,,Smitty,12.9,,Sophie's Breath,,,
2017-10-30 17:01:48.955,,Smitty,61.5,,NY City Diesel,,,
2017-10-30 17:44:04.899,,T Pain,65.5,,Big Apple Butter,,,
2017-10-30 19:39:57.329,,Smitty,19.0,,Outdoor - Unknown,,,
2017-10-30 21:06:05.673,,T Pain,37.0,,Big Apple Butter,,,
2017-10-31 15:50:50.123,,Smitty,7.3,,Special Candyland,,,
2017-10-31 16:40:23.676,,T Pain,68.0,,Special Candyland,,,
2017-10-31 16:42:28.168,,Smitty,61.0,,Special Candyland,,,
2017-10-31 20:52:25.782,,T Pain,63.0,,616,,,
2017-10-31 21:56:37.069,,T Pain,30.5,,616,,,
2017-10-31 22:55:56.970,,Smitty,25.5,,616,,,
2017-11-01 13:51:10.199,,Smitty,56.0,,616,,,
2017-11-01 15:14:48.657,,T Pain,74.0,,616,,,
2017-11-01 16:02:05.741,,T Pain,17.5,,616,,,
2017-11-01 18:09:04.694,,Smitty,103.0,,616,,,
2017-11-01 20:04:34.757,,Smitty,14.0,,Big Apple Butter,,,
2017-11-01 20:06:59.913,,T Pain,55.0,,Big Apple Butter,,,
2017-11-01 20:07:43.134,,T Pain,41.0,,Big Apple Butter,,,
2017-11-01 21:20:11.581,,T Pain,29.5,,Special Candyland,,,
2017-11-01 21:49:09.667,,Smitty,29.9,,Special Candyland,,,
2017-11-02 18:38:24.687,,T Pain,104.0,,Foam Fire,,,
2017-11-02 18:40:02.813,,Smitty,60.0,,Foam Fire,,,
2017-11-02 20:03:06.201,,T Pain,44.5,,Code Blue,,,
2017-11-02 20:03:28.246,,T Pain,27.8,,Code Blue,,,
2017-11-02 20:40:32.796,,Smitty,67.0,,Code Blue,,,
2017-11-02 22:18:49.396,,T Pain,46.0,,Gorilla Butter,,,
2017-11-02 22:37:43.308,,Smitty,16.5,,Gorilla Butter,,,
2017-11-03 13:57:44.575,,Smitty,72.9,,Lucky Charms,,,
2017-11-05 18:56:26.140,,T Pain,61.0,,Gorilla Butter,,,
2017-11-05 18:56:48.245,,T Pain,26.5,,Gorilla Butter,,,
2017-11-05 18:57:27.749,,T Pain,52.5,,Code Blue,,,
2017-11-05 18:57:50.385,,T Pain,52.0,,Code Blue,,,
2017-11-05 18:58:18.850,,T Pain,42.0,,Cookie monster,,,
2017-11-05 18:58:44.514,,T Pain,45.0,,Grape Breath,,,
2017-11-05 18:59:39.852,,T Pain,23.0,,Foam Fire,,,
2017-11-05 19:00:00.083,,T Pain,25.0,,Big Apple Butter,,,
2017-11-09 14:59:15.720,,Smitty,22.0,,Grape Breath,,,
2017-11-09 15:00:26.182,,T Pain,30.0,,Grape Breath,,,
2017-11-10 22:11:05.195,,T Pain,89.0,,Grape Breath,,,
2017-11-10 22:22:24.729,,Smitty,50.0,,Grape Breath,,,
2017-11-11 14:00:34.929,,T Pain,18.5,,Double Butter,,,
2017-11-11 14:01:57.317,,Smitty,11.1,,Double Butter,,,
2017-11-11 15:05:03.425,,Smitty,19.6,,Double Butter,,,
2017-11-11 15:05:53.270,,T Pain,20.0,,Double Butter,,,
2017-11-11 15:46:42.800,,T Pain,26.0,,Double Butter,,,
2017-11-11 15:47:04.539,,Smitty,30.0,,Double Butter,,,
2017-11-11 16:24:29.212,,Smitty,23.7,,Double Butter,,,
2017-11-11 16:25:27.159,,T Pain,33.3,,Double Butter,,,
2017-11-12 16:52:48.113,,T Pain,52.0,,Butter Face,,,
2017-11-12 17:25:53.409,,T Pain,20.0,,Ghee Butter,,,
2017-11-12 17:44:09.515,,Smitty,19.5,,Ghee Butter,,,
2017-11-12 18:15:00.373,,Smitty,17.3,,Ghee Butter,,,
2017-11-12 18:24:47.612,,T Pain,27.0,,Ghee Butter,,,
2017-11-14 19:50:28.012,,T Pain,46.0,,Meat The Cookies,,,
2017-11-14 19:50:28.274,,T Pain,46.0,,Meat The Cookies,,,
2017-11-14 20:29:03.248,,T Pain,6.0,,Meat The Cookies,,,
2017-11-14 20:29:30.404,,Smitty,30.0,,Meat The Cookies,,,
2017-11-14 22:45:29.296,,T Pain,40.0,,Lemon Butter,,,
2017-11-15 00:13:17.306,,Smitty,46.9,,Meat The Cookies,,,
2017-11-15 00:31:40.350,,Smitty,0.9,,Meat The Cookies,,,
2017-11-15 15:08:48.672,,Smitty,32.8,,Lemon Butter,,,
2017-11-15 15:10:46.262,,Smitty,23.7,,Lemon Butter,,,
2017-11-15 15:12:35.570,,Smitty,36.0,,Big Apple Butter,,,
2017-11-15 15:17:48.837,,T Pain,63.0,,Filet Migon,,,
2017-11-15 16:34:41.659,,T Pain,20.5,,Sophie's Breath,,,
2017-11-15 16:35:09.689,,T Pain,21.0,,Meat The Cookies,,,
2017-11-15 17:13:42.050,,Smitty,53.0,,Lemon Butter,,,
2017-11-15 18:05:29.784,,T Pain,24.5,,Meat The Cookies,,,
2017-11-15 20:46:32.430,,T Pain,65.0,,Blackberry Kush,,,
2017-11-15 21:24:31.759,,Smitty,38.7,,Blackberry Kush,,,
2017-11-15 21:26:00.432,,Smitty,39.6,,Blackberry Kush,,,
2017-11-25 15:57:58.029,,T Pain,40.0,,Sunshine Tonic,,,
2017-11-25 15:58:16.973,,T Pain,12.0,,Tonic of Life,,,
2017-11-26 15:35:05.239,,Smitty,5.7,,Dark helmet,,,
2017-11-26 15:35:26.236,,Smitty,24.5,,Sunshine Tonic,,,
2017-11-26 15:35:49.530,,Smitty,15.0,,Tonic of Life,,,
2017-11-26 15:36:11.927,,Smitty,36.0,,Sunshine Tonic,,,
2017-11-26 21:51:05.501,,Smitty,13.0,,Tonic of Life,,,
2018-09-19 12:44:28.917,A1,Smit,244.0,2018-09-18 22:38:54.392,Lemon Pie,42,15.0,Taken down 9/4. Trim started 9/14
2018-09-19 12:45:18.915,A1,House,41.0,2018-09-18 22:38:54.392,Lemon Pie,42,15.0,Taken down 9/4. Trim started 9/14
2018-09-19 12:45:49.061,A1,Smit,6.5,2018-09-18 22:38:54.392,Lemon Pie,42,15.0,Taken down 9/4. Trim started 9/14
2018-09-19 17:38:20.435,A1,Smit,59.2,2018-09-18 22:38:54.392,Lemon Pie,42,15.0,Taken down 9/4. Trim started 9/14
2018-09-20 21:05:28.697,B2,Smit,340.0,2018-09-19 00:12:01.046,Lemon Puff,50,15.0,9/11 or 12
2018-09-24 15:25:22.952,B1,Smit,339.0,2018-09-18 23:35:31.406,Blackberry Kush,49,15.0,Down 9/10 - 9/11?
2018-09-28 10:42:26.822,C5,Smit,270.6,2018-09-18 23:34:43.551,Gorilla Butter,56,15.0,9/18
2018-10-01 13:49:35.069,C5,Brie,50.3,2018-09-18 23:34:43.551,Gorilla Butter,56,15.0,9/18
2018-10-01 13:49:53.541,C5,House,38.5,2018-09-18 23:34:43.551,Gorilla Butter,56,15.0,9/18
2018-10-01 13:50:11.388,C5,Smit,24.4,2018-09-18 23:34:43.551,Gorilla Butter,56,15.0,9/18
2018-09-28 10:43:41.842,C8,Smit,128.8,2018-09-18 23:33:20.484,Filet Migon,56,15.0,Down 9/18
2018-10-01 13:47:03.480,C8,Brie,155.6,2018-09-18 23:33:20.484,Filet Migon,56,15.0,Down 9/18
2018-10-01 13:46:47.615,C4,Brie,223.5,2018-10-01 13:45:27.403,GMO,56,15.0,Taken same day as c5-9
2018-10-01 13:47:20.075,C4,House,68.3,2018-10-01 13:45:27.403,GMO,56,15.0,Taken same day as c5-9
2018-10-01 13:47:38.591,C4,Hunter,11.3,2018-10-01 13:45:27.403,GMO,56,15.0,Taken same day as c5-9
2018-10-01 13:47:57.279,C4,JJ,24.3,2018-10-01 13:45:27.403,GMO,56,15.0,Taken same day as c5-9
2018-10-01 13:50:28.972,C4,Smit,33.5,2018-10-01 13:45:27.403,GMO,56,15.0,Taken same day as c5-9
2018-10-01 13:50:43.764,C4,House,75.5,2018-10-01 13:45:27.403,GMO,56,15.0,Taken same day as c5-9
2018-10-01 13:48:16.222,C7,Brie,224.0,2018-09-18 23:33:41.784,Lemon Puff,56,15.0,9/18
2018-10-01 13:48:37.463,C7,House,203.6,2018-09-18 23:33:41.784,Lemon Puff,56,15.0,9/18
2018-10-01 13:48:56.079,C9,Brie,89.9,2018-09-18 23:32:51.180,Meat The Cookies,56,15.0,Down 9/18
2018-10-01 13:49:12.836,C9,House,166.0,2018-09-18 23:32:51.180,Meat The Cookies,56,15.0,Down 9/18
2018-10-01 23:27:32.397,C9,House,17.0,2018-09-18 23:32:51.180,Meat The Cookies,56,15.0,Down 9/18
2018-10-02 11:15:34.901,C9,House,17.0,2018-09-18 23:32:51.180,Meat The Cookies,56,15.0,Down 9/18
2018-10-04 15:23:20.697,C6,Brie,17.7,2018-09-18 23:34:07.514,Afgan Kush,56,15.0,9/18
2018-10-04 15:23:38.832,C6,Smit,108.5,2018-09-18 23:34:07.514,Afgan Kush,56,15.0,9/18
2018-10-04 15:23:57.662,C6,House,50.2,2018-09-18 23:34:07.514,Afgan Kush,56,15.0,9/18
2018-10-04 15:24:19.248,D3,Campo,49.2,2018-10-04 15:21:28.334,Meat Breath,56,15.0,
2018-10-04 15:24:36.192,D3,House,94.0,2018-10-04 15:21:28.334,Meat Breath,56,15.0,
2018-10-04 15:24:56.574,D3,Brie,78.6,2018-10-04 15:21:28.334,Meat Breath,56,15.0,
2018-10-04 15:25:15.840,D3,Smit,68.3,2018-10-04 15:21:28.334,Meat Breath,56,15.0,
2018-10-05 22:09:22.590,D3,Brie,42.0,2018-10-04 15:21:28.334,Meat Breath,56,15.0,
2018-10-05 22:09:42.953,D3,Smit,35.0,2018-10-04 15:21:28.334,Meat Breath,56,15.0,
2018-10-05 22:10:00.652,D3,House,21.3,2018-10-04 15:21:28.334,Meat Breath,56,15.0,
2018-10-04 15:25:32.450,D4,Smit,57.9,2018-10-04 15:21:46.130,Lemon Puff,56,15.0,
2018-10-04 15:25:54.850,D4,Campo,43.6,2018-10-04 15:21:46.130,Lemon Puff,56,15.0,
2018-10-04 15:26:12.364,D4,Brie,113.7,2018-10-04 15:21:46.130,Lemon Puff,56,15.0,
2018-10-04 15:26:35.477,D4,House,132.7,2018-10-04 15:21:46.130,Lemon Puff,56,15.0,
2018-10-04 15:26:56.452,D5,Smit,59.3,2018-10-04 15:22:06.031,Lemon Butter,56,15.0,
2018-10-04 15:27:14.665,D5,Brie,65.5,2018-10-04 15:22:06.031,Lemon Butter,56,15.0,
2018-10-04 15:27:31.256,D5,House,87.1,2018-10-04 15:22:06.031,Lemon Butter,56,15.0,
2018-10-04 15:27:46.724,D5,Campo,54.3,2018-10-04 15:22:06.031,Lemon Butter,56,15.0,
2018-10-05 22:06:49.355,E1,Brie,34.6,2018-10-05 22:05:29.616,Big Apple Butter,56,15.0,
2018-10-05 22:07:11.458,E1,Campo,26.6,2018-10-05 22:05:29.616,Big Apple Butter,56,15.0,
2018-10-05 22:07:34.299,E1,Smit,35.7,2018-10-05 22:05:29.616,Big Apple Butter,56,15.0,
2018-10-05 22:08:53.770,E1,House,29.0,2018-10-05 22:05:29.616,Big Apple Butter,56,15.0,
2018-10-05 22:10:19.011,E3,House,68.0,2018-10-05 22:06:19.937,Electric Lemon G,56,15.0,
2018-10-05 22:10:38.199,E3,Campo,50.0,2018-10-05 22:06:19.937,Electric Lemon G,56,15.0,
2018-10-05 22:11:20.862,E3,Smit,57.9,2018-10-05 22:06:19.937,Electric Lemon G,56,15.0,
2018-10-05 22:38:27.503,F1,Campo,32.8,2018-10-08 10:33:52.467,Peanut Butter Breath,56,15.0,
2018-10-08 10:36:14.105,F1,House,38.3,2018-10-08 10:33:52.467,Peanut Butter Breath,56,15.0,
2018-10-08 10:36:30.762,F1,Smit,61.9,2018-10-08 10:33:52.467,Peanut Butter Breath,56,15.0,
2018-10-08 10:36:50.637,F1,Bob,54.9,2018-10-08 10:33:52.467,Peanut Butter Breath,56,15.0,
2018-10-08 10:37:07.872,F1,Brie,76.3,2018-10-08 10:33:52.467,Peanut Butter Breath,56,15.0,
2018-10-05 22:38:52.994,F3,Campo,36.6,2018-10-08 10:34:33.799,Butter Face,56,15.0,
2018-10-05 22:39:16.782,F3,Campo,36.8,2018-10-08 10:34:33.799,Butter Face,56,15.0,
2018-10-08 10:38:40.252,F3,Smit,113.9,2018-10-08 10:34:33.799,Butter Face,56,15.0,
2018-10-08 10:38:59.342,F3,Bob,40.7,2018-10-08 10:34:33.799,Butter Face,56,15.0,
2018-10-08 10:39:16.825,F3,Brie,31.0,2018-10-08 10:34:33.799,Butter Face,56,15.0,
2018-10-08 10:39:37.459,F3,House,57.4,2018-10-08 10:34:33.799,Butter Face,56,15.0,
2018-10-05 22:39:34.756,F2,Campo,39.6,2018-10-08 10:34:13.905,Ancient Whisper,56,15.0,
2018-10-08 10:37:25.901,F2,Smit,60.8,2018-10-08 10:34:13.905,Ancient Whisper,56,15.0,
2018-10-08 10:37:47.402,F2,Brie,87.2,2018-10-08 10:34:13.905,Ancient Whisper,56,15.0,
2018-10-08 10:38:05.005,F2,Bob,51.7,2018-10-08 10:34:13.905,Ancient Whisper,56,15.0,
2018-10-08 10:38:22.282,F2,House,120.0,2018-10-08 10:34:13.905,Ancient Whisper,56,15.0,
2018-10-05 22:39:49.794,F4,Campo,34.2,2018-10-08 10:34:53.371,Gorilla Butter,56,15.0,
2018-10-05 22:40:04.464,F4,Campo,13.6,2018-10-08 10:34:53.371,Gorilla Butter,56,15.0,
2018-10-08 10:40:00.331,F4,Brie,101.2,2018-10-08 10:34:53.371,Gorilla Butter,56,15.0,
2018-10-08 10:40:21.349,F4,House,212.2,2018-10-08 10:34:53.371,Gorilla Butter,56,15.0,
2018-10-08 10:40:40.758,F4,Smit,50.7,2018-10-08 10:34:53.371,Gorilla Butter,56,15.0,
2018-10-08 10:40:57.601,F4,Bob,32.2,2018-10-08 10:34:53.371,Gorilla Butter,56,15.0,
2018-10-08 10:41:13.867,F5,House,174.8,2018-10-08 10:35:18.823,Meat The Cookies,56,15.0,
2018-10-08 10:41:36.769,F5,Brie,73.7,2018-10-08 10:35:18.823,Meat The Cookies,56,15.0,
2018-10-08 10:42:00.807,F6,Smit,88.5,2018-10-08 10:35:43.321,GMO,56,15.0,
2018-10-08 10:42:15.753,F6,House,13.7,2018-10-08 10:35:43.321,GMO,56,15.0,
2018-10-08 10:42:45.543,F6,Smit,37.6,2018-10-08 10:35:43.321,GMO,56,15.0,
2018-10-08 10:43:02.071,F6,Brie,139.5,2018-10-08 10:35:43.321,GMO,56,15.0,
2018-10-09 00:00:00.000,H1,Smit,57.0,,Meat The Cookies,56,15.0,
2018-10-09 00:00:00.000,H1,House,101.8,,Meat The Cookies,56,15.0,
2018-10-09 00:00:00.000,H1,Brie,81.6,,Meat The Cookies,56,15.0,
2018-10-09 00:00:00.000,H1,Campo,59.7,,Meat The Cookies,56,15.0,
2018-10-09 00:00:00.000,H2,House,149.7,,Peanut Butter Breath,56,15.0,
2018-10-09 00:00:00.000,H2,Smit,95.4,,Peanut Butter Breath,56,15.0,
2018-10-09 00:00:00.000,H2,Campo,42.2,,Peanut Butter Breath,56,15.0,
2018-10-09 00:00:00.000,H3,Campo,63.5,,Watermellon ZDP,56,15.0,
2018-10-09 00:00:00.000,H3,House,188.8,,Watermellon ZDP,56,15.0,
2018-10-09 00:00:00.000,H3,Smit,109.9,,Watermellon ZDP,56,15.0,
2018-10-09 00:00:00.000,H9,Campo,71.1,,Lemon Pie,56,15.0,
2018-10-09 00:00:00.000,H9,Smit,86.0,,Lemon Pie,56,15.0,
2018-10-09 00:00:00.000,H9,Brie,71.1,,Lemon Pie,56,15.0,
2018-10-09 00:00:00.000,H9,House,96.6,,Lemon Pie,56,15.0,
2018-10-11 00:00:00.000,H9,Smit,82.8,,Lemon Pie,56,15.0,
2018-10-11 00:00:00.000,H9,Campo,19.1,,Lemon Pie,56,15.0,
2018-10-11 00:00:00.000,H9,Brie,57.1,,Lemon Pie,56,15.0,
2018-10-09 00:00:00.000,H4,Smit,116.3,,Gorilla Butter,56,15.0,
2018-10-09 00:00:00.000,H4,Brie,126.7,,Gorilla Butter,56,15.0,
2018-10-09 00:00:00.000,H4,House,139.7,,Gorilla Butter,56,15.0,
2018-10-09 00:00:00.000,H4,Campo,34.8,,Gorilla Butter,56,15.0,
2018-10-10 00:00:00.000,G1,Brie,73.5,2018-10-15 00:00:00.000,GMO,56,15.0,
2018-10-10 00:00:00.000,G1,Brie,169.3,2018-10-15 00:00:00.000,GMO,56,15.0,
2018-10-10 00:00:00.000,G1,House,140.6,2018-10-15 00:00:00.000,GMO,56,15.0,
2018-10-10 00:00:00.000,G2,Campo,117.2,2018-10-15 00:00:00.000,GMO,56,15.0,
2018-10-10 00:00:00.000,G2,Brie,163.9,2018-10-15 00:00:00.000,GMO,56,15.0,
2018-10-10 00:00:00.000,G2,House,108.5,2018-10-15 00:00:00.000,GMO,56,15.0,
2018-10-10 00:00:00.000,G2,Smit,185.0,2018-10-15 00:00:00.000,GMO,56,15.0,
2018-10-10 00:00:00.000,G3,Smit,115.1,2018-10-15 00:00:00.000,Electric Lemon G,56,15.0,
2018-10-10 00:00:00.000,G3,House,22.3,2018-10-15 00:00:00.000,Electric Lemon G,56,15.0,
2018-10-10 00:00:00.000,G3,House,51.0,2018-10-15 00:00:00.000,Electric Lemon G,56,15.0,
2018-10-10 00:00:00.000,G3,Brie,66.6,2018-10-15 00:00:00.000,Electric Lemon G,56,15.0,
2018-10-11 00:00:00.000,G3,House,15.1,2018-10-15 00:00:00.000,Electric Lemon G,56,15.0,
2018-10-11 00:00:00.000,G3,Campo,32.0,2018-10-15 00:00:00.000,Electric Lemon G,56,15.0,
2018-10-11 00:00:00.000,G3,Smit,82.1,2018-10-15 00:00:00.000,Electric Lemon G,56,15.0,
2018-10-11 00:00:00.000,G4,Brie,80.7,2018-10-15 00:00:00.000,GMO,56,15.0,
2018-10-11 00:00:00.000,G4,Smit,81.2,2018-10-15 00:00:00.000,GMO,56,15.0,
2018-10-11 00:00:00.000,G4,House,131.6,2018-10-15 00:00:00.000,GMO,56,15.0,
2018-10-11 00:00:00.000,G4,House,162.5,2018-10-15 00:00:00.000,GMO,56,15.0,
2018-10-11 00:00:00.000,G4,Campo,101.4,2018-10-15 00:00:00.000,GMO,56,15.0,
2018-10-11 00:00:00.000,G4,Smit,131.3,2018-10-15 00:00:00.000,GMO,56,15.0,
2018-10-11 00:00:00.000,G5,Campo,61.0,2018-10-15 00:00:00.000,Lemon Pie,56,15.0,
2018-10-11 00:00:00.000,G5,House,226.9,2018-10-15 00:00:00.000,Lemon Pie,56,15.0,
2018-10-11 00:00:00.000,G5,Smit,99.3,2018-10-15 00:00:00.000,Lemon Pie,56,15.0,
